Zeit_s;CH1_Ofen;CH2_Bauteil
0;25,00;26,20
60;27,70;28,90
120;30,40;31,60
180;33,10;34,30
240;35,80;37,00
300;38,50;39,70
360;41,20;42,40
420;43,90;45,10
480;46,60;47,80
540;49,30;50,50
600;52,00;53,20
660;54,70;55,90
720;57,40;58,60
780;60,10;61,30
840;62,80;64,00
900;65,50;66,70
960;68,20;69,40
1020;70,90;72,10
1080;73,60;74,80
1140;76,30;77,50
1200;79,00;80,20
1260;81,70;82,90
1320;84,40;85,60
1380;87,10;88,30
1440;89,80;91,00
1500;92,50;93,70
1560;95,20;96,40
1620;97,90;99,10
1680;100,60;101,80
1740;103,30;104,50
1800;106,00;107,20
1860;108,70;109,90
1920;111,40;112,60
1980;114,10;115,30
2040;116,80;118,00
2100;119,50;120,70
2160;122,20;123,40
2220;124,90;126,10
2280;127,60;128,80
2340;130,30;131,50
2400;133,00;134,20
2460;135,70;136,90
2520;138,40;139,60
2580;141,10;142,30
2640;143,80;145,00
2700;146,50;147,70
2760;149,20;150,40
2820;151,90;153,10
2880;154,60;155,80
2940;157,30;158,50
3000;159,23;160,43
3060;159,19;160,39
3120;159,16;160,36
3180;159,14;160,34
3240;159,12;160,32
3300;159,11;160,31
3360;159,10;160,30
3420;159,10;160,30
3480;159,11;160,31
3540;159,12;160,32
3600;159,14;160,34
3660;159,16;160,36
3720;159,19;160,39
3780;159,23;160,43
3840;159,27;160,47
3900;159,31;160,51
3960;159,37;160,57
4020;159,42;160,62
4080;159,48;160,68
4140;159,54;160,74
4200;159,61;160,81
4260;159,68;160,88
4320;159,75;160,95
4380;159,82;161,02
4440;159,90;161,10
4500;159,97;161,17
4560;160,05;161,25
4620;160,12;161,32
4680;160,19;161,39
4740;160,27;161,47
4800;160,34;161,54
4860;160,41;161,61
4920;160,47;161,67
4980;160,53;161,73
5040;160,59;161,79
5100;160,65;161,85
5160;160,70;161,90
5220;160,74;161,94
5280;160,78;161,98
5340;160,82;162,02
5400;160,84;162,04
5460;160,87;162,07
5520;160,88;162,08
5580;160,90;162,10
5640;160,90;162,10
5700;160,90;162,10
5760;160,89;162,09
5820;160,88;162,08
5880;160,86;162,06
5940;160,83;162,03
6000;160,80;162,00
6060;160,76;161,96
6120;160,72;161,92
6180;160,67;161,87
6240;160,62;161,82
6300;160,56;161,76
6360;160,50;161,70
6420;160,44;161,64
6480;160,37;161,57
6540;160,30;161,50
6600;160,23;161,43
6660;160,16;161,36
6720;160,08;161,28
6780;160,01;161,21
6840;159,93;161,13
6900;159,86;161,06
6960;159,78;160,98
7020;159,71;160,91
7080;159,64;160,84
7140;159,57;160,77
7200;159,51;160,71
7260;159,45;160,65
7320;159,39;160,59
7380;159,34;160,54
7440;159,29;160,49
7500;159,25;160,45
7560;159,21;160,41
7620;159,18;160,38
7680;159,15;160,35
7740;159,13;160,33
7800;159,11;160,31
7860;159,10;160,30
7920;159,10;160,30
7980;159,10;160,30
8040;159,11;160,31
8100;159,13;160,33
8160;159,15;160,35
8220;159,18;160,38
8280;159,21;160,41
8340;159,25;160,45
8400;159,30;160,50
8460;159,34;160,54
8520;159,40;160,60
8580;159,46;160,66
8640;159,52;160,72
8700;159,58;160,78
8760;159,65;160,85
8820;159,72;160,92
8880;159,79;160,99
8940;159,87;161,07
9000;159,94;161,14
9060;160,02;161,22
9120;160,09;161,29
9180;160,16;161,36
9240;160,24;161,44
9300;160,31;161,51
9360;160,38;161,58
9420;160,44;161,64
9480;160,51;161,71
9540;160,57;161,77
9600;160,62;161,82
9660;160,68;161,88
9720;160,72;161,92
9780;160,77;161,97
9840;160,80;162,00
9900;160,83;162,03
9960;160,86;162,06
10020;160,88;162,08
10080;160,89;162,09
10140;160,90;162,10
10200;160,90;162,10
10260;160,89;162,09
10320;160,88;162,08
10380;160,87;162,07
10440;160,84;162,04
10500;160,81;162,01
10560;160,78;161,98
10620;160,74;161,94
10680;160,69;161,89
10740;160,64;161,84
10800;160,59;161,79
10860;160,53;161,73
10920;160,46;161,66
10980;160,40;161,60
11040;160,33;161,53
11100;160,26;161,46
11160;160,19;161,39
11220;160,11;161,31
11280;160,04;161,24
11340;159,96;161,16
11400;159,89;161,09
11460;159,81;161,01
11520;159,74;160,94
11580;159,67;160,87
11640;159,60;160,80
11700;159,54;160,74
11760;159,47;160,67
11820;159,41;160,61
11880;159,36;160,56
11940;159,31;160,51
12000;159,26;160,46
12060;159,22;160,42
12120;159,19;160,39
12180;159,16;160,36
12240;159,13;160,33
12300;159,12;160,32
12360;159,11;160,31
12420;159,10;160,30
12480;159,10;160,30
12540;159,11;160,31
12600;159,12;160,32
12660;159,14;160,34
12720;159,17;160,37
12780;159,20;160,40
12840;159,23;160,43
12900;159,28;160,48
12960;159,32;160,52
13020;159,38;160,58
13080;159,43;160,63
13140;159,49;160,69
13200;159,56;160,76
13260;159,62;160,82
13320;159,69;160,89
13380;159,76;160,96
13440;159,84;161,04
13500;159,91;161,11
13560;159,99;161,19
13620;160,06;161,26
13680;160,13;161,33
13740;160,21;161,41
13800;160,28;161,48
13860;160,35;161,55
13920;160,42;161,62
13980;160,48;161,68
14040;160,54;161,74
14100;160,60;161,80
14160;160,66;161,86
14220;160,71;161,91
14280;160,75;161,95
14340;160,79;161,99
14400;160,82;162,02
14460;160,85;162,05
14520;160,87;162,07
14580;160,89;162,09
14640;160,90;162,10
14700;160,90;162,10
14760;160,90;162,10
14820;160,89;162,09
14880;160,87;162,07
14940;160,85;162,05
15000;160,82;162,02
15060;160,79;161,99
15120;160,75;161,95
15180;160,71;161,91
15240;160,66;161,86
15300;160,61;161,81
15360;160,55;161,75
15420;160,49;161,69
15480;160,42;161,62
15540;160,36;161,56
15600;160,29;161,49
15660;160,21;161,41
15720;160,14;161,34
15780;160,07;161,27
15840;159,99;161,19
15900;159,92;161,12
15960;159,84;161,04
16020;159,77;160,97
16080;159,70;160,90
16140;159,63;160,83
16200;159,56;160,76
16260;159,50;160,70
16320;159,44;160,64
16380;159,38;160,58
16440;159,33;160,53
16500;159,28;160,48
16560;159,24;160,44
16620;159,20;160,40
16680;159,17;160,37
16740;159,14;160,34
16800;159,12;160,32
16860;159,11;160,31
16920;159,10;160,30
16980;159,10;160,30
17040;159,10;160,30
17100;159,12;160,32
17160;159,13;160,33
17220;159,16;160,36
17280;159,18;160,38
17340;159,22;160,42
17400;159,26;160,46
17460;159,30;160,50
17520;159,35;160,55
17580;159,41;160,61
17640;159,47;160,67
17700;159,53;160,73
17760;159,60;160,80
17820;159,66;160,86
17880;159,73;160,93
17940;159,81;161,01
18000;159,88;161,08
18060;159,96;161,16
18120;160,03;161,23
18180;160,11;161,31
18240;160,18;161,38
18300;160,25;161,45
18360;160,32;161,52
18420;160,39;161,59
18480;160,46;161,66
18540;160,52;161,72
18600;160,58;161,78
18660;160,64;161,84
18720;160,69;161,89
18780;160,73;161,93
18840;160,77;161,97
18900;160,81;162,01
18960;160,84;162,04
19020;160,86;162,06
19080;160,88;162,08
19140;160,89;162,09
19200;160,90;162,10
19260;160,90;162,10
19320;160,89;162,09
19380;160,88;162,08
19440;160,86;162,06
19500;160,84;162,04
19560;160,81;162,01
19620;160,77;161,97
19680;160,73;161,93
19740;160,68;161,88
19800;160,63;161,83
19860;160,57;161,77
19920;160,51;161,71
19980;160,45;161,65
20040;160,38;161,58
20100;160,32;161,52
20160;160,24;161,44
20220;160,17;161,37
20280;160,10;161,30
20340;160,02;161,22
20400;159,95;161,15
20460;159,87;161,07
20520;159,80;161,00
20580;159,73;160,93
20640;159,66;160,86
20700;159,59;160,79
20760;159,52;160,72
20820;159,46;160,66
20880;159,40;160,60
20940;159,35;160,55
21000;160,00;161,20
21060;159,15;160,35
21120;158,30;159,50
21180;157,45;158,65
21240;156,60;157,80
21300;155,75;156,95
21360;154,90;156,10
21420;154,05;155,25
21480;153,20;154,40
21540;152,35;153,55
21600;151,50;152,70
21660;150,65;151,85
21720;149,80;151,00
21780;148,95;150,15
21840;148,10;149,30
21900;147,25;148,45
21960;146,40;147,60
22020;145,55;146,75
22080;144,70;145,90
22140;143,85;145,05
22200;143,00;144,20
22260;142,15;143,35
22320;141,30;142,50
22380;140,45;141,65
22440;139,60;140,80
22500;138,75;139,95
22560;137,90;139,10
22620;137,05;138,25
22680;136,20;137,40
22740;135,35;136,55
22800;134,50;135,70
22860;133,65;134,85
22920;132,80;134,00
22980;131,95;133,15
23040;131,10;132,30
23100;130,25;131,45
23160;129,40;130,60
23220;128,55;129,75
23280;127,70;128,90
23340;126,85;128,05
23400;126,00;127,20
23460;125,15;126,35
23520;124,30;125,50
23580;123,45;124,65
23640;122,60;123,80
23700;121,75;122,95
23760;120,90;122,10
23820;120,05;121,25
23880;119,20;120,40
23940;118,35;119,55
24000;117,50;118,70
24060;116,65;117,85
24120;115,80;117,00
24180;114,95;116,15
24240;114,10;115,30
24300;113,25;114,45
24360;112,40;113,60
24420;111,55;112,75
24480;110,70;111,90
24540;109,85;111,05
24600;109,00;110,20
24660;108,15;109,35
24720;107,30;108,50
24780;106,45;107,65
24840;105,60;106,80
24900;104,75;105,95
24960;103,90;105,10
25020;103,05;104,25
25080;102,20;103,40
25140;101,35;102,55
25200;100,50;101,70
25260;99,65;100,85
25320;98,80;100,00
25380;97,95;99,15
25440;97,10;98,30
25500;96,25;97,45
25560;95,40;96,60
25620;94,55;95,75
25680;93,70;94,90
25740;92,85;94,05
25800;92,00;93,20
25860;91,15;92,35
25920;90,30;91,50
25980;89,45;90,65
26040;88,60;89,80
26100;87,75;88,95
26160;86,90;88,10
26220;86,05;87,25
26280;85,20;86,40
26340;84,35;85,55
26400;83,50;84,70
26460;82,65;83,85
26520;81,80;83,00
26580;80,95;82,15
26640;80,10;81,30
26700;79,25;80,45
26760;78,40;79,60
26820;77,55;78,75
26880;76,70;77,90
26940;75,85;77,05
27000;75,00;76,20
27060;74,15;75,35
27120;73,30;74,50
27180;72,45;73,65
27240;71,60;72,80
27300;70,75;71,95
27360;69,90;71,10
27420;69,05;70,25
27480;68,20;69,40
27540;67,35;68,55
27600;66,50;67,70
27660;65,65;66,85
27720;64,80;66,00
27780;63,95;65,15
27840;63,10;64,30
27900;62,25;63,45
27960;61,40;62,60
28020;60,55;61,75
28080;59,70;60,90
28140;58,85;60,05
28200;58,00;59,20
28260;57,15;58,35
28320;56,30;57,50
28380;55,45;56,65
28440;54,60;55,80
28500;53,75;54,95
28560;52,90;54,10
28620;52,05;53,25
28680;51,20;52,40
28740;50,35;51,55
28800;49,50;50,70
